"ABX.HE.A.07-2","Untranched","On","246,795,000","18","0","0","246,795,000","18",
"ABX.HE.AA.07-2","Untranched","On","315,158,000","24","0","0","315,158,000","24",
"ABX.HE.AAA.07-2","Untranched","On","2,079,725,100","57","404,000,000","37","2,483,725,100","94",
"ABX.HE.BBB.07-2","Untranched","On","115,000,000","14","0","0","115,000,000","14",
"ABX.HE.BBB-.07-2","Untranched","On","130,080,000","8","15,000,000","3","145,080,000","11",
"ABX.HE.PENAAA.06-1","Untranched","On","2,099,151,000","34","675,000,000","13","2,774,151,000","47",
"ABX.HE.PENAAA.06-2","Untranched","On","2,969,571,266","85","1,402,884,382","414","4,372,455,648","499",
"ABX.HE.PENAAA.07-1","Untranched","On","1,460,234,467","54","723,915,000","150","2,184,149,467","204",
"ABX.HE.PENAAA.07-2","Untranched","On","873,805,000","88","148,000,000","17","1,021,805,000","105",
"CDX.EM.18","Untranched","On","2,089,090,000","54","1,246,500,000","33","3,335,590,000","87",
"CDX.NA.HY.18","Untranched","On","55,291,214,420","2,656","38,308,205,749","2,184","93,599,420,169","4,840",
"CDX.NA.IG.19","Untranched","On","41,162,749,899","392","17,154,166,000","231","58,316,915,899","623",
"CMBX.NA.A.5","Untranched","On","526,536,000","128","75,040,000","22","601,576,000","150",
"CMBX.NA.AA.5","Untranched","On","584,143,000","117","248,000,000","55","832,143,000","172",
"CMBX.NA.AAA.5","Untranched","On","868,440,000","120","264,500,000","15","1,132,940,000","135",
"CMBX.NA.AJ.5","Untranched","On","737,767,800","110","255,225,000","78","992,992,800","188",
"CMBX.NA.AM.1","Untranched","On","2,233,849,000","318","634,000,000","88","2,867,849,000","406",
"CMBX.NA.AM.2","Untranched","On","1,561,180,000","111","123,000,000","25","1,684,180,000","136",
"CMBX.NA.AM.3","Untranched","On","3,435,444,432","253","204,540,000","89","3,639,984,432","342",
"CMBX.NA.AM.4","Untranched","On","1,954,716,640","239","365,850,000","184","2,320,566,640","423",
"CMBX.NA.AM.5","Untranched","On","297,000,000","17","10,000,000","1","307,000,000","18",
"CMBX.NA.BBB.5","Untranched","On","165,000,000","25","0","0","165,000,000","25",
"IOS.FN30.350.10","Untranched","On","1,109,500,000","45","97,000,000","5","1,206,500,000","50",
"IOS.FN30.400.09","Untranched","On","4,673,195,000","108","910,000,000","37","5,583,195,000","145",
"IOS.FN30.400.10","Untranched","On","7,383,219,000","559","1,328,700,000","41","8,711,919,000","600",
"IOS.FN30.400.11","Untranched","On","874,040,000","59","174,000,000","2","1,048,040,000","61",
"IOS.FN30.450.09","Untranched","On","7,961,320,600","218","1,324,021,700","39","9,285,342,300","257",
"IOS.FN30.450.10","Untranched","On","3,888,984,000","87","733,259,000","24","4,622,243,000","111",
"IOS.FN30.450.11","Untranched","On","442,000,000","17","357,000,000","6","799,000,000","23",
"IOS.FN30.500.03","Untranched","On","654,000,000","18","327,056,000","14","981,056,000","32",
"IOS.FN30.500.05","Untranched","On","569,000,000","13","38,715,000","1","607,715,000","14",
"IOS.FN30.500.08","Untranched","On","2,186,600,000","102","51,000,000","2","2,237,600,000","104",
"IOS.FN30.500.09","Untranched","On","8,056,969,538","139","1,265,792,007","37","9,322,761,545","176",
"IOS.FN30.500.10","Untranched","On","4,923,856,000","126","1,807,000,000","61","6,730,856,000","187",
"IOS.FN30.550.03","Untranched","On","1,631,000,000","35","42,911,000","1","1,673,911,000","36",
"IOS.FN30.550.05","Untranched","On","1,504,055,000","33","231,055,000","4","1,735,110,000","37",
"IOS.FN30.550.08","Untranched","On","6,383,996,475","63","474,125,000","21","6,858,121,475","84",
"IOS.FN30.600.08","Untranched","On","6,046,200,221","58","201,500,000","26","6,247,700,221","84",
"IOS.FN30.650.67","Untranched","On","17,590,468,424","358","1,726,116,000","59","19,316,584,424","417",
"IOS.GII30.450.10","Untranched","On","252,000,000","14","1,000,000","1","253,000,000","15",
"IOS.GII30.500.10","Untranched","On","1,113,113,000","50","0","0","1,113,113,000","50",
"ITRAXX ASIA EX-JAPAN IG SERIES 18","Untranched","On","1,381,200,000","59","335,550,000","21","1,716,750,000","80",
"ITRAXX ASIA EX-JAPAN SERIES 8","Tranched","On","145,000,000","15","15,000,000","2","160,000,000","17",
"ITRAXX ASIA EX-JAPAN SERIES 8","Untranched","On","1,245,000,000","71","57,400,000","5","1,302,400,000","76",
"ITRAXX AUSTRALIA SERIES 18","Untranched","On","1,505,000,000","48","109,400,000","9","1,614,400,000","57",
"ITRAXX CEEMEA SERIES 18","Untranched","On","70,000,000","10","0","0","70,000,000","10",
"ITRAXX EUROPE CROSSOVER SERIES 18","Untranched","On","11,366,520,144","466","6,214,839,721","286","17,581,359,865","752",
"ITRAXX EUROPE HIVOL SERIES 17","Untranched","On","1,495,423,590","56","714,378,461","11","2,209,802,051","67",
"ITRAXX EUROPE SENIOR FINANCIALS SERIES 18","Untranched","On","5,887,353,423","163","1,650,466,112","47","7,537,819,535","210",
"ITRAXX EUROPE SERIES 18","Untranched","On","42,856,375,719","464","13,416,575,354","219","56,272,951,073","683",
"ITRAXX EUROPE SUB FINANCIALS SERIES 18","Untranched","On","1,117,494,340","45","1,115,954,580","56","2,233,448,920","101",
"ITRAXX JAPAN HIVOL SERIES 8","Untranched","On","133,720,347","11","57,600,000","5","191,320,347","16",
"ITRAXX JAPAN SERIES 18","Untranched","On","1,520,640,000","82","541,943,040","25","2,062,583,040","107",
"ITRAXX JAPAN 80 SERIES 8","Tranched","On","300,800,000","23","19,200,000","3","320,000,000","26",
"ITRAXX JAPAN 80 SERIES 8","Untranched","On","726,245,486","20","76,800,000","3","803,045,486","23",
"ITRAXX SOVX CEEMEA SERIES 8","Untranched","On","1,433,750,000","70","230,000,000","8","1,663,750,000","78",
"ITRAXX SOVX WESTERN EUROPE SERIES 7","Untranched","On","4,478,534,041","259","245,832,500","23","4,724,366,541","282",
"LCDX.NA SERIES 18","Untranched","On","1,238,013,900","168","665,300,000","66","1,903,313,900","234",
"MBX.FN30.350.10","Untranched","On","414,000,000","35","40,000,000","1","454,000,000","36",
"MBX.FN30.400.09-V1","Untranched","On","1,247,946,000","57","106,000,000","3","1,353,946,000","60",
"MBX.FN30.450.09-V1","Untranched","On","1,307,894,000","74","17,800,000","2","1,325,694,000","76",
"MBX.FN30.500.09-V1","Untranched","On","1,626,750,000","197","51,400,000","2","1,678,150,000","199",
"MBX.FN30.500.10","Untranched","On","4,978,646,000","246","100,000,000","1","5,078,646,000","247",
"MBX.FN30.550.08-V1","Untranched","On","577,000,000","14","110,000,000","1","687,000,000","15",
"MBX.FN30.650.67","Untranched","On","9,777,362,000","37","8,823,361,000","274","18,600,723,000","311",
"MBX.GII30.450.10","Untranched","On","285,000,000","45","0","0","285,000,000","45",
"MBX.GII30.500.10","Untranched","On","1,300,000,000","35","0","0","1,300,000,000","35",
"MCDX.NA.18","Untranched","On","4,611,750,000","416","405,300,000","31","5,017,050,000","447",
"PO.FN30.650.67","Untranched","On","2,146,500,000","10","63,500,000","1","2,210,000,000","11",
"PRIMEX.ARM.1","Untranched","On","2,642,195,000","178","914,435,785","199","3,556,630,785","377",
"PRIMEX.ARM.2","Untranched","On","1,636,870,000","185","390,000,000","34","2,026,870,000","219",
"PRIMEX.FRM.1","Untranched","On","1,041,271,000","55","225,814,000","27","1,267,085,000","82",
"PRIMEX.FRM.2","Untranched","On","1,965,620,000","63","390,000,000","80","2,355,620,000","143",
"TABX.HE.07-1.06-2.BBB.35-100","Tranched","On","453,000,000","14","0","0","453,000,000","14",
"TABX.HE.07-1.06-2.BBB-.0-5","Tranched","On","210,000,000","25","10,000,000","3","220,000,000","28",
"TABX.HE.07-1.06-2.BBB-.10-15","Tranched","On","190,000,000","36","0","0","190,000,000","36",
"TABX.HE.07-1.06-2.BBB-.15-25","Tranched","On","248,000,000","24","10,000,000","1","258,000,000","25",
"TABX.HE.07-1.06-2.BBB-.25-40","Tranched","On","382,500,000","44","140,000,000","19","522,500,000","63",
"TABX.HE.07-1.06-2.BBB-.40-100","Tranched","On","2,514,913,400","142","40,000,000","4","2,554,913,400","146",
"TABX.HE.07-1.06-2.BBB-.5-10","Tranched","On","145,000,000","11","75,000,000","13","220,000,000","24",
"TRX.II.AAA.1.MAR13","Untranched","On","240,000,000","13","150,000,000","1","390,000,000","14",
"ABX.HE.A.06-1","Untranched","Off","4,138,248,968","79","651,500,000","40","4,789,748,968","119",
"ABX.HE.A.06-2","Untranched","Off","1,658,731,000","40","130,000,000","16","1,788,731,000","56",
"ABX.HE.A.07-1","Untranched","Off","2,258,833,199","41","10,000,000","1","2,268,833,199","42",
"ABX.HE.AA.06-1","Untranched","Off","4,162,221,300","165","569,350,000","113","4,731,571,300","278",
"ABX.HE.AA.06-2","Untranched","Off","1,877,792,886","58","354,000,000","37","2,231,792,886","95",
"ABX.HE.AA.07-1","Untranched","Off","1,129,418,088","68","95,000,000","15","1,224,418,088","83",
"ABX.HE.AAA.06-1","Untranched","Off","8,776,168,400","155","2,219,925,001","308","10,996,093,401","463",
"ABX.HE.AAA.06-2","Untranched","Off","6,447,640,754","362","1,966,626,042","233","8,414,266,796","595",
"ABX.HE.AAA.07-1","Untranched","Off","5,793,820,898","143","1,529,425,000","139","7,323,245,898","282",
"ABX.HE.BBB.06-1","Untranched","Off","4,498,200,175","52","135,000,000","21","4,633,200,175","73",
"ABX.HE.BBB.06-2","Untranched","Off","3,924,541,499","60","136,090,420","8","4,060,631,919","68",
"ABX.HE.BBB.07-1","Untranched","Off","942,557,202","61","111,580,000","5","1,054,137,202","66",
"ABX.HE.BBB-.06-1","Untranched","Off","3,062,430,884","73","70,000,000","6","3,132,430,884","79",
"ABX.HE.BBB-.06-2","Untranched","Off","3,939,036,167","106","75,000,000","9","4,014,036,167","115",
"ABX.HE.BBB-.07-1","Untranched","Off","249,272,000","13","46,000,000","4","295,272,000","17",
"CDX.EM.10","Untranched","Off","1,962,972,500","116","123,000,000","14","2,085,972,500","130",
"CDX.EM.11","Untranched","Off","3,013,435,823","85","93,390,000","21","3,106,825,823","106",
"CDX.EM.12","Untranched","Off","3,608,091,400","174","157,000,000","17","3,765,091,400","191",
"CDX.EM.13","Untranched","Off","15,508,656,000","1,260","2,081,787,500","61","17,590,443,500","1,321",
"CDX.EM.14","Untranched","Off","17,105,354,074","1,031","489,148,000","45","17,594,502,074","1,076",
"CDX.EM.15","Untranched","Off","12,180,693,380","826","468,926,810","29","12,649,620,190","855",
"CDX.EM.16","Untranched","Off","12,913,530,226","671","4,264,431,600","210","17,177,961,826","881",
"CDX.EM.17","Untranched","Off","15,148,398,834","1,246","4,669,913,598","257","19,818,312,432","1,503",
"CDX.EM.8","Untranched","Off","3,482,534,495","136","535,000,000","25","4,017,534,495","161",
"CDX.EM.9","Untranched","Off","10,822,493,295","195","237,000,000","23","11,059,493,295","218",
"CDX.NA.HY.10","Tranched","Off","45,297,326,600","1,022","4,596,486,000","242","49,893,812,600","1,264",
"CDX.NA.HY.10","Untranched","Off","45,994,748,648","545","16,946,741,133","71","62,941,489,781","616",
"CDX.NA.HY.11","Tranched","Off","10,839,777,900","328","1,390,177,037","104","12,229,954,937","432",
"CDX.NA.HY.11","Untranched","Off","19,440,304,201","181","12,858,054,201","54","32,298,358,402","235",
"CDX.NA.HY.12","Untranched","Off","7,280,096,231","44","6,835,096,231","27","14,115,192,462","71",
"CDX.NA.HY.13","Untranched","Off","7,013,621,000","63","5,752,321,000","42","12,765,942,000","105",
"CDX.NA.HY.14","Untranched","Off","24,093,460,600","136","15,296,926,800","52","39,390,387,400","188",
"CDX.NA.HY.15","Tranched","Off","18,244,600,000","816","2,015,100,000","113","20,259,700,000","929",
"CDX.NA.HY.15","Untranched","Off","34,468,528,648","361","23,032,995,676","205","57,501,524,324","566",
"CDX.NA.HY.16","Untranched","Off","22,974,014,236","431","18,117,567,968","294","41,091,582,204","725",
"CDX.NA.HY.17","Tranched","Off","1,723,500,000","88","145,000,000","6","1,868,500,000","94",
"CDX.NA.HY.17","Untranched","Off","36,282,470,905","794","25,346,474,182","514","61,628,945,087","1,308",
"CDX.NA.HY.8","Tranched","Off","10,273,793,104","225","20,000,000","2","10,293,793,104","227",
"CDX.NA.HY.8","Untranched","Off","9,815,272,573","116","0","0","9,815,272,573","116",
"CDX.NA.HY.9","Tranched","Off","35,309,240,605","747","700,747,600","45","36,009,988,205","792",
"CDX.NA.HY.9","Untranched","Off","32,588,869,145","160","25,573,596,855","77","58,162,466,000","237",
"CDX.NA.IG.HVOL.10","Untranched","Off","2,709,800,925","31","1,962,624,124","24","4,672,425,049","55",
"CDX.NA.IG.HVOL.11","Untranched","Off","2,590,466,668","27","1,788,466,668","10","4,378,933,336","37",
"CDX.NA.IG.HVOL.12","Untranched","Off","963,550,000","11","963,550,000","7","1,927,100,000","18",
"CDX.NA.IG.HVOL.13","Untranched","Off","386,110,000","9","302,110,000","6","688,220,000","15",
"CDX.NA.IG.HVOL.14","Untranched","Off","270,898,332","7","151,898,332","7","422,796,664","14",
"CDX.NA.IG.HVOL.8","Untranched","Off","613,950,000","10","175,000,000","1","788,950,000","11",
"CDX.NA.IG.HVOL.9","Untranched","Off","3,994,044,822","35","3,406,567,668","21","7,400,612,490","56",
"CDX.NA.IG.10","Tranched","Off","13,178,650,365","378","187,720,000","7","13,366,370,365","385",
"CDX.NA.IG.10","Untranched","Off","58,870,017,029","226","44,296,131,472","153","103,166,148,501","379",
"CDX.NA.IG.11","Tranched","Off","96,480,600","10","5,000,000","1","101,480,600","11",
"CDX.NA.IG.11","Untranched","Off","34,296,019,034","197","20,693,660,817","113","54,989,679,851","310",
"CDX.NA.IG.12","Tranched","Off","1,554,450,000","48","150,000,000","40","1,704,450,000","88",
"CDX.NA.IG.12","Untranched","Off","36,008,737,750","218","27,028,196,165","145","63,036,933,915","363",
"CDX.NA.IG.13","Tranched","Off","1,262,000,000","41","0","0","1,262,000,000","41",
"CDX.NA.IG.13","Untranched","Off","43,111,136,881","291","27,485,779,117","188","70,596,915,998","479",
"CDX.NA.IG.14","Untranched","Off","54,091,156,935","345","36,625,819,675","259","90,716,976,610","604",
"CDX.NA.IG.15","Tranched","Off","8,117,825,000","344","225,000,000","11","8,342,825,000","355",
"CDX.NA.IG.15","Untranched","Off","108,052,751,134","529","57,558,352,921","278","165,611,104,055","807",
"CDX.NA.IG.16","Untranched","Off","99,310,754,678","832","66,023,247,061","759","165,334,001,739","1,591",
"CDX.NA.IG.17","Tranched","Off","1,664,500,000","71","560,000,000","7","2,224,500,000","78",
"CDX.NA.IG.17","Untranched","Off","105,524,439,359","1,038","77,131,765,309","612","182,656,204,668","1,650",
"CDX.NA.IG.18","Untranched","Off","314,846,756,713","4,044","188,110,810,484","1,666","502,957,567,197","5,710",
"CDX.NA.IG.8","Tranched","Off","124,668,279,683","1,069","247,293,750","13","124,915,573,433","1,082",
"CDX.NA.IG.8","Untranched","Off","57,054,966,371","169","37,709,627,283","75","94,764,593,654","244",
"CDX.NA.IG.9","Tranched","Off","580,563,571,173","9,307","22,046,280,380","942","602,609,851,553","10,249",
"CDX.NA.IG.9","Untranched","Off","472,635,093,272","1,337","357,886,835,785","610","830,521,929,057","1,947",
"CDX.NA.XO.9","Untranched","Off","1,304,765,094","27","253,750,000","1","1,558,515,094","28",
"CMBX.NA.A.1","Untranched","Off","3,774,448,201","177","708,140,000","200","4,482,588,201","377",
"CMBX.NA.A.2","Untranched","Off","6,825,857,540","176","180,500,000","56","7,006,357,540","232",
"CMBX.NA.A.3","Untranched","Off","5,600,067,520","203","530,500,000","99","6,130,567,520","302",
"CMBX.NA.A.4","Untranched","Off","1,007,471,100","107","216,000,000","60","1,223,471,100","167",
"CMBX.NA.AA.1","Untranched","Off","1,714,486,000","108","328,370,000","84","2,042,856,000","192",
"CMBX.NA.AA.2","Untranched","Off","3,054,505,518","166","420,400,000","105","3,474,905,518","271",
"CMBX.NA.AA.3","Untranched","Off","3,351,988,910","185","427,940,000","87","3,779,928,910","272",
"CMBX.NA.AA.4","Untranched","Off","1,878,728,600","272","415,000,000","71","2,293,728,600","343",
"CMBX.NA.AAA.1","Untranched","Off","13,971,809,000","161","7,737,422,655","865","21,709,231,655","1,026",
"CMBX.NA.AAA.2","Untranched","Off","6,507,970,600","406","2,156,371,665","102","8,664,342,265","508",
"CMBX.NA.AAA.3","Untranched","Off","7,284,685,429","523","2,129,010,000","160","9,413,695,429","683",
"CMBX.NA.AAA.4","Untranched","Off","4,926,011,085","247","1,253,650,000","110","6,179,661,085","357",
"CMBX.NA.AJ.1","Untranched","Off","5,785,933,200","133","799,107,000","131","6,585,040,200","264",
"CMBX.NA.AJ.2","Untranched","Off","5,817,642,700","294","685,900,000","101","6,503,542,700","395",
"CMBX.NA.AJ.3","Untranched","Off","6,593,003,900","596","844,000,000","178","7,437,003,900","774",
"CMBX.NA.AJ.4","Untranched","Off","4,816,574,258","511","1,111,720,000","208","5,928,294,258","719",
"CMBX.NA.BB.2","Untranched","Off","177,885,300","14","0","0","177,885,300","14",
"CMBX.NA.BBB.1","Untranched","Off","1,898,082,925","61","642,300,000","87","2,540,382,925","148",
"CMBX.NA.BBB.2","Untranched","Off","2,609,326,571","51","141,500,000","17","2,750,826,571","68",
"CMBX.NA.BBB.3","Untranched","Off","2,025,244,642","38","90,000,000","25","2,115,244,642","63",
"CMBX.NA.BBB.4","Untranched","Off","263,354,500","24","10,000,000","4","273,354,500","28",
"CMBX.NA.BBB-.1","Untranched","Off","2,395,308,321","51","295,000,000","23","2,690,308,321","74",
"CMBX.NA.BBB-.2","Untranched","Off","2,474,100,074","64","330,000,000","29","2,804,100,074","93",
"CMBX.NA.BBB-.3","Untranched","Off","753,674,752","38","87,000,000","26","840,674,752","64",
"CMBX.NA.BBB-.4","Untranched","Off","197,004,800","20","44,940,000","12","241,944,800","32",
"DOW JONES CDX.NA.HY.6","Untranched","Off","404,250,000","17","31,000,000","1","435,250,000","18",
"DOW JONES CDX.NA.HY.7","Tranched","Off","5,591,937,190","153","42,500,000","2","5,634,437,190","155",
"DOW JONES CDX.NA.HY.7","Untranched","Off","5,428,487,272","73","77,362,500","7","5,505,849,772","80",
"DOW JONES CDX.NA.IG.HVOL.2","Untranched","Off","557,000,000","21","0","0","557,000,000","21",
"DOW JONES CDX.NA.IG.HVOL.3","Untranched","Off","1,555,101,586","29","115,000,000","4","1,670,101,586","33",
"DOW JONES CDX.NA.IG.HVOL.4","Untranched","Off","1,893,955,971","24","0","0","1,893,955,971","24",
"DOW JONES CDX.NA.IG.HVOL.7","Untranched","Off","966,420,230","11","0","0","966,420,230","11",
"DOW JONES CDX.NA.IG.1","Tranched","Off","283,462,500","12","0","0","283,462,500","12",
"DOW JONES CDX.NA.IG.1","Untranched","Off","1,237,250,000","22","0","0","1,237,250,000","22",
"DOW JONES CDX.NA.IG.2","Tranched","Off","2,454,836,150","87","83,315,000","3","2,538,151,150","90",
"DOW JONES CDX.NA.IG.2","Untranched","Off","4,842,632,165","46","625,000,000","1","5,467,632,165","47",
"DOW JONES CDX.NA.IG.3","Tranched","Off","11,256,907,007","271","107,500,000","4","11,364,407,007","275",
"DOW JONES CDX.NA.IG.3","Untranched","Off","12,980,491,693","69","650,000,000","2","13,630,491,693","71",
"DOW JONES CDX.NA.IG.4","Tranched","Off","10,618,527,185","406","258,155,000","23","10,876,682,185","429",
"DOW JONES CDX.NA.IG.4","Untranched","Off","26,439,406,902","100","62,500,000","3","26,501,906,902","103",
"DOW JONES CDX.NA.IG.5","Tranched","Off","48,244,034,936","794","792,193,750","67","49,036,228,686","861",
"DOW JONES CDX.NA.IG.5","Untranched","Off","39,889,399,680","175","1,142,625,000","8","41,032,024,680","183",
"DOW JONES CDX.NA.IG.6","Tranched","Off","90,976,281,279","805","921,000,000","18","91,897,281,279","823",
"DOW JONES CDX.NA.IG.6","Untranched","Off","65,740,402,072","218","1,664,449,065","19","67,404,851,137","237",
"DOW JONES CDX.NA.IG.7","Tranched","Off","147,281,659,723","999","499,281,600","19","147,780,941,323","1,018",
"DOW JONES CDX.NA.IG.7","Untranched","Off","133,580,719,319","353","2,340,244,367","19","135,920,963,686","372",
"ITRAXX ASIA EX-JAPAN HY SERIES 10","Untranched","Off","258,600,000","32","10,000,000","1","268,600,000","33",
"ITRAXX ASIA EX-JAPAN HY SERIES 11","Untranched","Off","87,000,000","11","0","0","87,000,000","11",
"ITRAXX ASIA EX-JAPAN HY SERIES 12","Untranched","Off","290,500,000","20","0","0","290,500,000","20",
"ITRAXX ASIA EX-JAPAN HY SERIES 8","Untranched","Off","2,994,450,500","251","245,000,000","23","3,239,450,500","274",
"ITRAXX ASIA EX-JAPAN HY SERIES 9","Untranched","Off","2,956,766,000","242","334,000,000","34","3,290,766,000","276",
"ITRAXX ASIA EX-JAPAN IG SERIES 10","Untranched","Off","2,551,000,000","188","649,500,000","51","3,200,500,000","239",
"ITRAXX ASIA EX-JAPAN IG SERIES 11","Untranched","Off","2,863,937,500","242","405,000,000","32","3,268,937,500","274",
"ITRAXX ASIA EX-JAPAN IG SERIES 12","Untranched","Off","4,986,500,000","273","455,000,000","83","5,441,500,000","356",
"ITRAXX ASIA EX-JAPAN IG SERIES 13","Untranched","Off","8,216,641,600","457","740,000,000","64","8,956,641,600","521",
"ITRAXX ASIA EX-JAPAN IG SERIES 14","Untranched","Off","11,398,500,000","477","988,000,000","61","12,386,500,000","538",
"ITRAXX ASIA EX-JAPAN IG SERIES 15","Untranched","Off","17,145,380,700","837","1,335,000,000","79","18,480,380,700","916",
"ITRAXX ASIA EX-JAPAN IG SERIES 16","Untranched","Off","16,442,050,000","993","1,228,000,000","83","17,670,050,000","1,076",
"ITRAXX ASIA EX-JAPAN IG SERIES 17","Untranched","Off","20,640,047,500","1,414","1,977,327,500","168","22,617,375,000","1,582",
"ITRAXX ASIA EX-JAPAN IG SERIES 8","Untranched","Off","3,517,500,000","200","190,000,000","18","3,707,500,000","218",
"ITRAXX ASIA EX-JAPAN IG SERIES 9","Untranched","Off","6,367,000,000","376","1,140,000,000","79","7,507,000,000","455",
"ITRAXX AUSTRALIA SERIES 10","Untranched","Off","3,117,123,800","157","1,047,500,000","44","4,164,623,800","201",
"ITRAXX AUSTRALIA SERIES 11","Untranched","Off","5,759,099,535","304","1,367,312,000","103","7,126,411,535","407",
"ITRAXX AUSTRALIA SERIES 12","Untranched","Off","6,659,200,000","324","1,735,000,000","77","8,394,200,000","401",
"ITRAXX AUSTRALIA SERIES 13","Untranched","Off","6,472,000,000","392","2,506,000,000","135","8,978,000,000","527",
"ITRAXX AUSTRALIA SERIES 14","Untranched","Off","12,200,549,600","505","4,020,500,000","218","16,221,049,600","723",
"ITRAXX AUSTRALIA SERIES 15","Untranched","Off","23,145,530,400","1,041","5,075,000,000","307","28,220,530,400","1,348",
"ITRAXX AUSTRALIA SERIES 16","Untranched","Off","15,499,205,000","780","3,258,820,000","192","18,758,025,000","972",
"ITRAXX AUSTRALIA SERIES 17","Untranched","Off","26,149,172,382","1,634","2,044,200,000","106","28,193,372,382","1,740",
"ITRAXX AUSTRALIA SERIES 8","Untranched","Off","3,922,950,000","178","455,150,000","37","4,378,100,000","215",
"ITRAXX AUSTRALIA SERIES 9","Untranched","Off","5,394,000,000","320","1,331,000,000","84","6,725,000,000","404",
"ITRAXX EUROPE CROSSOVER SERIES 1","Untranched","Off","573,709,844","17","40,246,674","3","613,956,518","20",
"ITRAXX EUROPE CROSSOVER SERIES 10","Untranched","Off","4,501,349,614","103","3,765,308,226","48","8,266,657,840","151",
"ITRAXX EUROPE CROSSOVER SERIES 11","Untranched","Off","4,919,523,517","99","3,748,574,914","63","8,668,098,431","162",
"ITRAXX EUROPE CROSSOVER SERIES 12","Untranched","Off","11,549,105,500","238","8,772,394,679","121","20,321,500,179","359",
"ITRAXX EUROPE CROSSOVER SERIES 13","Untranched","Off","12,284,249,283","339","7,779,137,657","209","20,063,386,940","548",
"ITRAXX EUROPE CROSSOVER SERIES 14","Untranched","Off","14,888,790,014","379","10,163,416,132","208","25,052,206,146","587",
"ITRAXX EUROPE CROSSOVER SERIES 15","Untranched","Off","22,446,737,399","635","14,185,932,249","283","36,632,669,648","918",
"ITRAXX EUROPE CROSSOVER SERIES 16","Untranched","Off","33,572,048,214","935","21,118,309,333","491","54,690,357,547","1,426",
"ITRAXX EUROPE CROSSOVER SERIES 17","Untranched","Off","85,716,390,762","5,435","31,703,872,218","1,887","117,420,262,980","7,322",
"ITRAXX EUROPE CROSSOVER SERIES 2","Untranched","Off","199,545,605","24","90,879,586","3","290,425,191","27",
"ITRAXX EUROPE CROSSOVER SERIES 3","Untranched","Off","243,395,007","17","6,491,399","2","249,886,406","19",
"ITRAXX EUROPE CROSSOVER SERIES 4","Untranched","Off","165,504,707","14","33,755,275","3","199,259,982","17",
"ITRAXX EUROPE CROSSOVER SERIES 5","Untranched","Off","399,091,211","11","0","0","399,091,211","11",
"ITRAXX EUROPE CROSSOVER SERIES 6","Untranched","Off","1,364,167,501","26","59,720,871","3","1,423,888,372","29",
"ITRAXX EUROPE CROSSOVER SERIES 7","Untranched","Off","3,277,460,430","63","315,481,991","3","3,592,942,421","66",
"ITRAXX EUROPE CROSSOVER SERIES 8","Untranched","Off","29,001,065,352","454","3,063,174,637","124","32,064,239,989","578",
"ITRAXX EUROPE CROSSOVER SERIES 9","Untranched","Off","8,288,115,855","192","5,259,249,266","130","13,547,365,121","322",
"ITRAXX EUROPE ENERGY SERIES 2","Untranched","Off","123,336,581","8","84,388,187","4","207,724,768","12",
"ITRAXX EUROPE HIVOL SERIES 1","Untranched","Off","196,364,820","10","51,931,192","2","248,296,012","12",
"ITRAXX EUROPE HIVOL SERIES 10","Untranched","Off","7,018,094,254","37","4,505,403,529","19","11,523,497,783","56",
"ITRAXX EUROPE HIVOL SERIES 11","Untranched","Off","2,913,188,447","43","1,840,660,620","22","4,753,849,067","65",
"ITRAXX EUROPE HIVOL SERIES 12","Untranched","Off","7,041,536,544","47","4,930,598,503","28","11,972,135,047","75",
"ITRAXX EUROPE HIVOL SERIES 13","Untranched","Off","5,328,462,706","53","3,451,653,559","32","8,780,116,265","85",
"ITRAXX EUROPE HIVOL SERIES 14","Untranched","Off","6,390,003,351","54","2,958,649,838","24","9,348,653,189","78",
"ITRAXX EUROPE HIVOL SERIES 15","Untranched","Off","2,498,418,671","38","1,732,077,603","30","4,230,496,274","68",
"ITRAXX EUROPE HIVOL SERIES 16","Untranched","Off","2,264,308,700","28","904,374,674","15","3,168,683,374","43",
"ITRAXX EUROPE HIVOL SERIES 2","Untranched","Off","255,188,060","18","90,879,586","9","346,067,646","27",
"ITRAXX EUROPE HIVOL SERIES 3","Untranched","Off","129,308,668","14","25,965,596","4","155,274,264","18",
"ITRAXX EUROPE HIVOL SERIES 4","Untranched","Off","450,762,747","16","0","0","450,762,747","16",
"ITRAXX EUROPE HIVOL SERIES 5","Untranched","Off","660,850,386","18","79,195,068","2","740,045,454","20",
"ITRAXX EUROPE HIVOL SERIES 6","Untranched","Off","3,729,038,764","36","38,948,394","3","3,767,987,158","39",
"ITRAXX EUROPE HIVOL SERIES 7","Untranched","Off","2,371,419,897","33","12,982,798","1","2,384,402,695","34",
"ITRAXX EUROPE HIVOL SERIES 8","Untranched","Off","11,686,026,108","63","4,696,598,306","26","16,382,624,414","89",
"ITRAXX EUROPE HIVOL SERIES 9","Untranched","Off","6,254,198,087","42","2,071,946,804","19","8,326,144,891","61",
"ITRAXX EUROPE INDUSTRIALS SERIES 2","Untranched","Off","162,284,975","7","58,422,591","4","220,707,566","11",
"ITRAXX EUROPE SENIOR FINANCIALS SERIES 10","Untranched","Off","18,498,380,617","202","3,522,233,097","62","22,020,613,714","264",
"ITRAXX EUROPE SENIOR FINANCIALS SERIES 11","Untranched","Off","10,259,712,241","161","2,715,469,045","59","12,975,181,286","220",
"ITRAXX EUROPE SENIOR FINANCIALS SERIES 12","Untranched","Off","18,655,023,114","296","3,808,950,142","64","22,463,973,256","360",
"ITRAXX EUROPE SENIOR FINANCIALS SERIES 13","Untranched","Off","32,363,692,279","467","4,069,458,033","118","36,433,150,312","585",
"ITRAXX EUROPE SENIOR FINANCIALS SERIES 14","Untranched","Off","36,588,486,184","598","5,815,555,692","196","42,404,041,876","794",
"ITRAXX EUROPE SENIOR FINANCIALS SERIES 15","Untranched","Off","66,215,018,089","1,033","7,644,291,999","272","73,859,310,088","1,305",
"ITRAXX EUROPE SENIOR FINANCIALS SERIES 16","Untranched","Off","93,704,947,841","1,682","12,828,650,800","454","106,533,598,641","2,136",
"ITRAXX EUROPE SENIOR FINANCIALS SERIES 17","Untranched","Off","181,065,223,453","6,874","23,840,051,974","1,161","204,905,275,427","8,035",
"ITRAXX EUROPE SENIOR FINANCIALS SERIES 2","Untranched","Off","177,864,333","11","22,070,757","1","199,935,090","12",
"ITRAXX EUROPE SENIOR FINANCIALS SERIES 3","Untranched","Off","271,600,134","11","77,896,788","4","349,496,922","15",
"ITRAXX EUROPE SENIOR FINANCIALS SERIES 4","Untranched","Off","415,449,536","13","12,982,798","1","428,432,334","14",
"ITRAXX EUROPE SENIOR FINANCIALS SERIES 5","Untranched","Off","947,744,254","14","97,370,985","2","1,045,115,239","16",
"ITRAXX EUROPE SENIOR FINANCIALS SERIES 7","Untranched","Off","1,420,058,447","27","76,697,177","2","1,496,755,624","29",
"ITRAXX EUROPE SENIOR FINANCIALS SERIES 8","Untranched","Off","23,958,273,399","262","4,949,119,198","69","28,907,392,597","331",
"ITRAXX EUROPE SENIOR FINANCIALS SERIES 9","Untranched","Off","15,076,699,990","210","2,187,601,463","52","17,264,301,453","262",
"ITRAXX EUROPE SERIES 1","Untranched","Off","4,605,809,877","42","298,604,354","2","4,904,414,231","44",
"ITRAXX EUROPE SERIES 1B","Tranched","Off","1,370,210,992","36","12,982,798","1","1,383,193,790","37",
"ITRAXX EUROPE SERIES 10","Untranched","Off","58,928,287,325","383","40,576,417,158","228","99,504,704,483","611",
"ITRAXX EUROPE SERIES 11","Untranched","Off","40,242,942,953","287","25,731,550,718","179","65,974,493,671","466",
"ITRAXX EUROPE SERIES 12","Untranched","Off","57,811,466,132","425","30,140,598,467","236","87,952,064,599","661",
"ITRAXX EUROPE SERIES 13","Untranched","Off","100,616,573,372","846","53,588,602,825","429","154,205,176,197","1,275",
"ITRAXX EUROPE SERIES 14","Untranched","Off","98,143,082,841","801","51,001,697,081","381","149,144,779,922","1,182",
"ITRAXX EUROPE SERIES 15","Tranched","Off","23,174,655,360","483","2,872,573,886","114","26,047,229,246","597",
"ITRAXX EUROPE SERIES 15","Untranched","Off","179,646,462,779","1,517","77,417,772,962","546","257,064,235,741","2,063",
"ITRAXX EUROPE SERIES 16","Untranched","Off","175,943,878,173","2,077","89,130,641,014","1,088","265,074,519,187","3,165",
"ITRAXX EUROPE SERIES 17","Untranched","Off","446,777,990,413","7,453","154,993,959,141","2,255","601,771,949,554","9,708",
"ITRAXX EUROPE SERIES 2","Untranched","Off","9,227,232,603","79","547,549,505","11","9,774,782,108","90",
"ITRAXX EUROPE SERIES 2C","Tranched","Off","5,266,311,930","126","409,602,862","11","5,675,914,792","137",
"ITRAXX EUROPE SERIES 3","Untranched","Off","17,882,894,379","114","1,076,877,636","18","18,959,772,015","132",
"ITRAXX EUROPE SERIES 3C","Tranched","Off","12,163,737,164","222","214,216,167","7","12,377,953,331","229",
"ITRAXX EUROPE SERIES 4","Tranched","Off","6,093,659,559","91","159,688,415","5","6,253,347,974","96",
"ITRAXX EUROPE SERIES 4","Untranched","Off","54,759,900,382","217","2,185,561,575","18","56,945,461,957","235",
"ITRAXX EUROPE SERIES 4B","Tranched","Off","20,502,534,046","226","2,417,441,778","18","22,919,975,824","244",
"ITRAXX EUROPE SERIES 4C","Tranched","Off","28,475,960,206","286","272,638,758","15","28,748,598,964","301",
"ITRAXX EUROPE SERIES 5","Tranched","Off","12,360,932,493","97","97,370,985","1","12,458,303,478","98",
"ITRAXX EUROPE SERIES 5","Untranched","Off","60,599,964,227","244","2,079,770,977","16","62,679,735,204","260",
"ITRAXX EUROPE SERIES 5B","Tranched","Off","13,520,438,647","194","208,454,401","5","13,728,893,048","199",
"ITRAXX EUROPE SERIES 5C","Tranched","Off","39,602,052,691","312","266,147,359","10","39,868,200,050","322",
"ITRAXX EUROPE SERIES 6","Tranched","Off","8,520,089,978","78","25,965,596","1","8,546,055,574","79",
"ITRAXX EUROPE SERIES 6","Untranched","Off","79,543,156,422","329","3,639,880,071","33","83,183,036,493","362",
"ITRAXX EUROPE SERIES 6B","Tranched","Off","7,449,777,334","185","149,888,481","8","7,599,665,815","193",
"ITRAXX EUROPE SERIES 6C","Tranched","Off","48,896,860,854","395","97,707,759","7","48,994,568,613","402",
"ITRAXX EUROPE SERIES 7","Tranched","Off","6,546,111,109","82","311,587,152","3","6,857,698,261","85",
"ITRAXX EUROPE SERIES 7","Untranched","Off","59,980,745,954","259","19,009,791,147","46","78,990,537,101","305",
"ITRAXX EUROPE SERIES 7B","Tranched","Off","19,368,211,547","284","311,587,152","8","19,679,798,699","292",
"ITRAXX EUROPE SERIES 7C","Tranched","Off","41,397,941,330","371","145,407,338","5","41,543,348,668","376",
"ITRAXX EUROPE SERIES 8","Tranched","Off","89,290,117,459","1,395","629,665,703","22","89,919,783,162","1,417",
"ITRAXX EUROPE SERIES 8","Untranched","Off","97,860,909,622","595","42,096,879,193","182","139,957,788,815","777",
"ITRAXX EUROPE SERIES 9","Tranched","Off","475,261,031,159","7,966","80,923,528,809","1,105","556,184,559,968","9,071",
"ITRAXX EUROPE SERIES 9","Untranched","Off","498,648,223,451","3,319","150,417,335,157","610","649,065,558,608","3,929",
"ITRAXX EUROPE SUB FINANCIALS SERIES 10","Untranched","Off","12,719,261,682","146","1,359,948,091","43","14,079,209,773","189",
"ITRAXX EUROPE SUB FINANCIALS SERIES 11","Untranched","Off","4,835,209,753","89","871,145,746","35","5,706,355,499","124",
"ITRAXX EUROPE SUB FINANCIALS SERIES 12","Untranched","Off","13,495,756,207","143","773,357,883","22","14,269,114,090","165",
"ITRAXX EUROPE SUB FINANCIALS SERIES 13","Untranched","Off","15,696,949,051","214","1,107,741,962","37","16,804,691,013","251",
"ITRAXX EUROPE SUB FINANCIALS SERIES 14","Untranched","Off","16,668,813,212","270","2,066,423,860","84","18,735,237,072","354",
"ITRAXX EUROPE SUB FINANCIALS SERIES 15","Untranched","Off","21,033,908,346","301","2,262,390,519","95","23,296,298,865","396",
"ITRAXX EUROPE SUB FINANCIALS SERIES 16","Untranched","Off","17,367,793,637","440","1,788,581,660","97","19,156,375,297","537",
"ITRAXX EUROPE SUB FINANCIALS SERIES 17","Untranched","Off","24,911,511,767","1,191","4,239,553,472","425","29,151,065,239","1,616",
"ITRAXX EUROPE SUB FINANCIALS SERIES 2","Untranched","Off","746,510,885","25","110,353,783","4","856,864,668","29",
"ITRAXX EUROPE SUB FINANCIALS SERIES 3","Untranched","Off","568,646,553","23","285,621,556","7","854,268,109","30",
"ITRAXX EUROPE SUB FINANCIALS SERIES 4","Untranched","Off","795,863,434","21","84,388,187","1","880,251,621","22",
"ITRAXX EUROPE SUB FINANCIALS SERIES 5","Untranched","Off","463,485,888","17","181,759,172","6","645,245,060","23",
"ITRAXX EUROPE SUB FINANCIALS SERIES 6","Untranched","Off","1,106,264,218","34","181,759,172","3","1,288,023,390","37",
"ITRAXX EUROPE SUB FINANCIALS SERIES 7","Untranched","Off","3,994,135,085","43","51,931,192","5","4,046,066,277","48",
"ITRAXX EUROPE SUB FINANCIALS SERIES 8","Untranched","Off","12,948,209,603","232","3,702,875,924","64","16,651,085,527","296",
"ITRAXX EUROPE SUB FINANCIALS SERIES 9","Untranched","Off","16,442,402,091","214","3,893,541,121","75","20,335,943,212","289",
"ITRAXX EUROPE TMT SERIES 1","Untranched","Off","357,026,945","11","0","0","357,026,945","11",
"ITRAXX JAPAN SERIES 10","Tranched","Off","179,200,000","10","0","0","179,200,000","10",
"ITRAXX JAPAN SERIES 10","Untranched","Off","2,894,881,527","136","1,152,000,000","60","4,046,881,527","196",
"ITRAXX JAPAN SERIES 11","Untranched","Off","4,488,460,243","193","1,222,800,768","82","5,711,261,011","275",
"ITRAXX JAPAN SERIES 12","Untranched","Off","3,631,360,000","159","1,062,400,000","74","4,693,760,000","233",
"ITRAXX JAPAN SERIES 13","Untranched","Off","10,586,578,863","429","1,997,804,463","135","12,584,383,326","564",
"ITRAXX JAPAN SERIES 14","Untranched","Off","10,658,274,664","502","1,485,440,000","131","12,143,714,664","633",
"ITRAXX JAPAN SERIES 15","Untranched","Off","15,177,747,968","592","2,500,864,000","176","17,678,611,968","768",
"ITRAXX JAPAN SERIES 16","Untranched","Off","11,937,235,456","578","2,033,809,920","155","13,971,045,376","733",
"ITRAXX JAPAN SERIES 17","Untranched","Off","31,963,200,000","2,111","3,099,232,000","262","35,062,432,000","2,373",
"ITRAXX JAPAN SERIES 8","Untranched","Off","4,555,443,898","103","1,278,074,880","68","5,833,518,778","171",
"ITRAXX JAPAN SERIES 9","Tranched","Off","343,040,000","24","0","0","343,040,000","24",
"ITRAXX JAPAN SERIES 9","Untranched","Off","4,169,489,892","129","1,983,629,138","84","6,153,119,030","213",
"ITRAXX LEVX SENIOR SERIES 2","Untranched","Off","2,969,416,862","125","64,913,990","5","3,034,330,852","130",
"ITRAXX LEVX SENIOR SERIES 3","Untranched","Off","1,514,443,388","76","90,879,586","8","1,605,322,974","84",
"ITRAXX LEVX SENIOR SERIES 4","Untranched","Off","149,302,178","14","0","0","149,302,178","14",
"ITRAXX SDI-75 SERIES 1","Untranched","Off","930,270,313","39","0","0","930,270,313","39",
"ITRAXX SDI-75 SERIES 2","Untranched","Off","214,465,460","12","46,919,393","2","261,384,853","14",
"ITRAXX SOVX ASIA PACIFIC SERIES 3","Untranched","Off","3,649,000,000","233","325,000,000","22","3,974,000,000","255",
"ITRAXX SOVX ASIA PACIFIC SERIES 4","Untranched","Off","3,212,388,000","170","287,000,000","21","3,499,388,000","191",
"ITRAXX SOVX ASIA PACIFIC SERIES 5","Untranched","Off","1,966,000,000","111","225,000,000","12","2,191,000,000","123",
"ITRAXX SOVX ASIA PACIFIC SERIES 6","Untranched","Off","620,370,000","107","95,000,000","5","715,370,000","112",
"ITRAXX SOVX CEEMEA SERIES 3","Untranched","Off","19,152,838,700","1,748","880,000,000","75","20,032,838,700","1,823",
"ITRAXX SOVX CEEMEA SERIES 4","Untranched","Off","13,630,275,000","804","690,000,000","44","14,320,275,000","848",
"ITRAXX SOVX CEEMEA SERIES 5","Untranched","Off","19,371,663,482","1,346","465,000,000","38","19,836,663,482","1,384",
"ITRAXX SOVX CEEMEA SERIES 6","Untranched","Off","26,838,906,566","1,909","723,815,000","51","27,562,721,566","1,960",
"ITRAXX SOVX CEEMEA SERIES 7","Untranched","Off","28,576,793,837","1,975","2,079,700,000","143","30,656,493,837","2,118",
"ITRAXX SOVX WESTERN EUROPE SERIES 2","Untranched","Off","29,040,579,373","313","4,966,300,989","72","34,006,880,362","385",
"ITRAXX SOVX WESTERN EUROPE SERIES 3","Untranched","Off","28,536,837,119","380","3,027,542,940","72","31,564,380,059","452",
"ITRAXX SOVX WESTERN EUROPE SERIES 4","Untranched","Off","35,497,544,956","527","2,765,284,911","93","38,262,829,867","620",
"ITRAXX SOVX WESTERN EUROPE SERIES 5","Untranched","Off","33,953,794,037","454","1,606,730,500","71","35,560,524,537","525",
"ITRAXX SOVX WESTERN EUROPE SERIES 6","Untranched","Off","9,798,913,262","252","425,500,000","30","10,224,413,262","282",
"LCDX.NA SERIES 10","Tranched","Off","12,075,063,306","287","36,500,000","10","12,111,563,306","297",
"LCDX.NA SERIES 10","Untranched","Off","19,828,987,137","314","265,095,000","16","20,094,082,137","330",
"LCDX.NA SERIES 12","Tranched","Off","3,332,000,000","142","0","0","3,332,000,000","142",
"LCDX.NA SERIES 12","Untranched","Off","9,124,767,866","169","1,427,826,800","49","10,552,594,666","218",
"LCDX.NA SERIES 13","Tranched","Off","110,000,000","8","50,150,000","16","160,150,000","24",
"LCDX.NA SERIES 13","Untranched","Off","3,909,843,081","81","990,915,000","28","4,900,758,081","109",
"LCDX.NA SERIES 14","Untranched","Off","1,397,455,000","34","20,000,000","2","1,417,455,000","36",
"LCDX.NA SERIES 15","Untranched","Off","1,181,673,692","39","20,000,000","3","1,201,673,692","42",
"LCDX.NA SERIES 16","Untranched","Off","3,673,175,000","147","115,760,000","9","3,788,935,000","156",
"LCDX.NA SERIES 17","Untranched","Off","1,397,194,288","62","26,900,000","5","1,424,094,288","67",
"LCDX.NA SERIES 9","Tranched","Off","11,354,609,182","264","76,250,000","18","11,430,859,182","282",
"LCDX.NA SERIES 9","Untranched","Off","11,153,324,745","172","59,000,000","2","11,212,324,745","174",
"MCDX.NA.10","Untranched","Off","5,166,111,000","266","100,000,000","3","5,266,111,000","269",
"MCDX.NA.11","Untranched","Off","2,101,900,000","106","10,000,000","1","2,111,900,000","107",
"MCDX.NA.12","Untranched","Off","837,000,000","52","0","0","837,000,000","52",
"MCDX.NA.13","Untranched","Off","1,108,500,000","86","0","0","1,108,500,000","86",
"MCDX.NA.14","Untranched","Off","2,389,000,000","174","0","0","2,389,000,000","174",
"MCDX.NA.15","Untranched","Off","3,566,480,000","544","20,000,000","1","3,586,480,000","545",
"MCDX.NA.16","Untranched","Off","5,171,941,000","281","40,800,000","5","5,212,741,000","286",
"MCDX.NA.17","Untranched","Off","6,545,100,000","229","250,000,000","40","6,795,100,000","269",
"TRX.II.AAA.1.DEC12","Untranched","Off","585,000,000","26","185,000,000","5","770,000,000","31",
"TRX.II.AAA.1.SEP12","Untranched","Off","1,175,733,000","54","40,000,000","3","1,215,733,000","57",
"Index Swaptions","Untranched","","118,156,553,976","1,164","43,390,627,960","688","161,547,181,936","1,852",
"Index Untranched Other","Untranched","","10,853,274,533","289","5,572,345,540","60","16,425,620,073","349",
"Index Tranched Other","Tranched","","1,335,534,359","86","92,456,995","10","1,427,991,354","96",
"Total Index Untranched","Untranched","","6,263,003,478,872","111,162","2,357,249,847,003","34,906","8,620,253,325,875","146,068",
"Total Index Tranched","Tranched","","2,062,080,935,105","32,005","125,083,762,511","3,114","2,187,164,697,616","35,119",
"TOTAL","","","8,325,084,413,977","143,167","2,482,333,609,514","38,020","10,807,418,023,491","181,187",
" "



